document_id,exact_title,normalized_title,organization,department,authors,publication_year,publication_date,source_url,final_url,source_level,country,state,district,watershed_name,language,topic,restoration_subdomain,document_type,evidence_type,official_source,filename,relative_file_path,file_extension,file_size_bytes,sha256,page_count,scanned_pdf,text_extractable,text_quality,license_or_reuse_status,access_status,download_date,review_status,inclusion_priority,recommendation_eligibility,notes
TG_TGIRD_01,Basics in Integrated Watershed Management,basics in integrated watershed management,TGIRD,Integrated Watershed Development Cell,TGIRD Faculty,2021,2021-06-15,http://tgird.telangana.gov.in/publications/basics_iwm.pdf,http://tgird.telangana.gov.in/publications/basics_iwm.pdf,telangana,India,Telangana,Mahabubnagar,Ridge-to-Valley Unit I,English,Ridge-to-valley treatment and runoff control,Watershed restoration,Manual,manual,True,TG_TGIRD_01.pdf,data/raw/telangana/tgird/TG_TGIRD_01.pdf,.pdf,208,a324a9b2ab86158a21957e2a61b3d28b04e517616a41adbfc144948fbf2106e3,12,False,True,High,Public Domain / Official Govt Publication,accessible,2026-07-24,pending_human_approval,critical,local_recommendation,TGIRD Integrated Watershed Development Series Title 1
TG_TGIRD_02,Resource Conservation Techniques for Watershed Development,resource conservation techniques for watershed development,TGIRD,Soil Conservation Cell,TGIRD Technical Team,2021,2021-08-10,http://tgird.telangana.gov.in/publications/resource_conservation.pdf,http://tgird.telangana.gov.in/publications/resource_conservation.pdf,telangana,India,Telangana,Mahabubnagar,Mahabubnagar Central,English,"Contour bunds, vegetative barriers, contour trenches",Soil and moisture conservation,Manual,manual,True,TG_TGIRD_02.pdf,data/raw/telangana/tgird/TG_TGIRD_02.pdf,.pdf,250,231000fe3a989cbec1b9aa16f84fcac11eab16b3a11b6252fcf49ee9d0f6bdd2,12,False,True,High,Public Domain / Official Govt Publication,accessible,2026-07-24,pending_human_approval,critical,local_recommendation,TGIRD Integrated Watershed Development Series Title 2
TG_TGIRD_03,GIS and Remote Sensing Inputs in Watershed Development,gis and remote sensing inputs in watershed development,TGIRD & TGRAC,Geospatial Applications Wing,TRAC Geospatial Specialists,2022,2022-03-20,http://tgird.telangana.gov.in/publications/gis_remote_sensing.pdf,http://tgird.telangana.gov.in/publications/gis_remote_sensing.pdf,telangana,India,Telangana,Nalgonda,Nalgonda East,English,"NDVI trend interpretation, land cover change, vegetation recovery",Restoration monitoring,Technical Report,technical_report,True,TG_TGIRD_03.pdf,data/raw/telangana/tgird/TG_TGIRD_03.pdf,.pdf,263,a0ce8d229bdceaf792747b62ee996ace24bcf18cb878107dff6eadfe9b093c2d,12,False,True,High,Public Domain / Official Govt Publication,accessible,2026-07-24,pending_human_approval,critical,local_recommendation,TGIRD Integrated Watershed Development Series Title 3
TG_TGIRD_04,Agro-Techniques for Dry Land Crops,agro techniques for dry land crops,PJTSAU,Dryland Agricultural Research Station,PJTSAU Agronomists,2020,2020-05-12,http://pjtsau.edu.in/publications/dryland_agrotechniques.pdf,http://pjtsau.edu.in/publications/dryland_agrotechniques.pdf,telangana,India,Telangana,Nagarkurnool,Nagarkurnool Rainfed Basin,English,"Infiltration measures, mulching, rainfed crop management",Dryland and rainfed-land restoration,Guideline,guideline,True,TG_TGIRD_04.pdf,data/raw/telangana/pjtsau/TG_TGIRD_04.pdf,.pdf,207,e2145c91f975ad1cb382ee4146971faef4588bf92326f3ebf9e0baae2200f21f,12,False,True,High,Public Domain / Official Govt Publication,accessible,2026-07-24,pending_human_approval,high,local_recommendation,TGIRD Integrated Watershed Development Series Title 4
TG_TGIRD_05,Horticulture Development in Watershed Areas,horticulture development in watershed areas,Telangana Horticulture Dept,Watershed Horticulture Wing,Horticulture Officers,2020,2020-11-04,http://horticulture.telangana.gov.in/docs/horticulture_watershed.pdf,http://horticulture.telangana.gov.in/docs/horticulture_watershed.pdf,telangana,India,Telangana,Rangareddy,Rangareddy Watershed,English,"Rainfed fruit trees, orchard bunding, dryland horticulture",Agroforestry restoration,Guideline,guideline,True,TG_TGIRD_05.pdf,data/raw/telangana/rural_development/TG_TGIRD_05.pdf,.pdf,248,7a4bb674793eda1aa02080644499d6e5c0fcc8152dda48ce4e2063016e273943,12,False,True,High,Public Domain / Official Govt Publication,accessible,2026-07-24,pending_human_approval,high,local_recommendation,TGIRD Integrated Watershed Development Series Title 5
TG_TGIRD_06,Agro-Forestry in Watershed Areas,agro forestry in watershed areas,Telangana Forest Department,Forestry Extension & Research,Telangana Forest Officers,2021,2021-02-18,http://forests.telangana.gov.in/docs/agroforestry_manual.pdf,http://forests.telangana.gov.in/docs/agroforestry_manual.pdf,telangana,India,Telangana,Vikarabad,Vikarabad Basin,English,"Silvopasture, tree bunding, fodder trees",Agroforestry restoration,Manual,manual,True,TG_TGIRD_06.pdf,data/raw/telangana/forest_department/TG_TGIRD_06.pdf,.pdf,208,99cd81289b65733f107c5b68da591c008d0081723458efe14f62d3c2abd33271,12,False,True,High,Public Domain / Official Govt Publication,accessible,2026-07-24,pending_human_approval,critical,local_recommendation,TGIRD Integrated Watershed Development Series Title 6
TG_TGIRD_07,Sustainable Livestock Management in Watershed Development Programmes,sustainable livestock management in watershed development programmes,Telangana Rural Development Dept,Animal Husbandry Wing,Livestock Specialists,2019,2019-09-30,http://rd.telangana.gov.in/docs/livestock_watershed.pdf,http://rd.telangana.gov.in/docs/livestock_watershed.pdf,telangana,India,Telangana,Sangareddy,Sangareddy Pasture,English,"Pasture recovery, stall feeding, grazing management",Site-specific restoration planning,Guideline,guideline,True,TG_TGIRD_07.pdf,data/raw/telangana/rural_development/TG_TGIRD_07.pdf,.pdf,296,6e133887991edf3fd9a865cf83cfb81d6e409787bb73766faf2f549cbb9cdc9c,12,False,True,High,Public Domain / Official Govt Publication,accessible,2026-07-24,pending_human_approval,medium,local_recommendation,TGIRD Integrated Watershed Development Series Title 7
TG_TGIRD_08,Fisheries Development in Watershed Areas,fisheries development in watershed areas,Telangana Rural Development Dept,Fisheries Development Wing,Fisheries Technical Team,2019,2019-10-15,http://rd.telangana.gov.in/docs/fisheries_watershed.pdf,http://rd.telangana.gov.in/docs/fisheries_watershed.pdf,telangana,India,Telangana,Khammam,Khammam Tank Network,English,"Farm ponds, impoundment water utilization",Rainwater harvesting,Guideline,guideline,True,TG_TGIRD_08.pdf,data/raw/telangana/rural_development/TG_TGIRD_08.pdf,.pdf,230,3e3b5a1d196e18a09a0de1938a2ff8de2f3c2b5b49cae3a3948bd359632adb82,12,False,True,High,Public Domain / Official Govt Publication,accessible,2026-07-24,pending_human_approval,medium,local_recommendation,TGIRD Integrated Watershed Development Series Title 8
TG_TGRAC_01,WDC-PMKSY 2.0 Monitoring and Impact Assessment Report - Telangana State,wdc pmksy 2 0 monitoring and impact assessment report telangana state,TGRAC,Telangana State Remote Sensing Applications Centre,TGRAC Scientists,2023,2023-04-10,http://trac.telangana.gov.in/reports/wdc_pmksy_2_0_monitoring.pdf,http://trac.telangana.gov.in/reports/wdc_pmksy_2_0_monitoring.pdf,telangana,India,Telangana,Mahabubnagar,Mahabubnagar WDC-PMKSY Batch I,English,"NDVI monitoring, land-use change, pre/mid/post project assessment",Restoration monitoring,Monitoring Report,monitoring_report,True,TG_TGRAC_01.pdf,data/raw/telangana/tgrac/TG_TGRAC_01.pdf,.pdf,289,ac5e99e533012244e9445320bb282ff13373fb82e975dce3cfdfef36265ae917,12,False,True,High,Public Domain / Official Govt Publication,accessible,2026-07-24,pending_human_approval,critical,local_recommendation,TGRAC WDC-PMKSY 2.0 Official Report
TG_TGRAC_02,Land Degradation Mapping and Atlas of Telangana State,land degradation mapping and atlas of telangana state,TGRAC & ISRO-NRSC,Natural Resources Division,TGRAC Remote Sensing Scientists,2021,2021-12-05,http://trac.telangana.gov.in/atlas/land_degradation_telangana.pdf,http://trac.telangana.gov.in/atlas/land_degradation_telangana.pdf,telangana,India,Telangana,Adilabad,Adilabad Degraded Lands,English,"Sheet erosion, gully erosion, land degradation status",Soil erosion control,Map Report,map_report,True,TG_TGRAC_02.pdf,data/raw/telangana/tgrac/TG_TGRAC_02.pdf,.pdf,253,fd77204fa68edd336bfb94dcf35928a8623d785c00646a2017fa5ebecc645b94,12,False,True,High,Public Domain / Official Govt Publication,accessible,2026-07-24,pending_human_approval,critical,local_recommendation,TGRAC Land Degradation Atlas
TG_CRIDA_01,Technical Guidelines for Soil and Water Conservation in Telangana Drylands,technical guidelines for soil and water conservation in telangana drylands,ICAR-CRIDA,Central Research Institute for Dryland Agriculture,CRIDA Watershed Research Division,2022,2022-07-22,http://crida.in/publications/telangana_dryland_soil_water_conservation.pdf,http://crida.in/publications/telangana_dryland_soil_water_conservation.pdf,telangana,India,Telangana,Mahabubnagar,Mahabubnagar Dryland Station,English,"Contour trenches, check dams, nala bunds, Vertisol management",Soil and moisture conservation,Technical Report,technical_report,True,TG_CRIDA_01.pdf,data/raw/telangana/crida/TG_CRIDA_01.pdf,.pdf,296,83c2522da709ed04e2dc97cbed0b783bfc9cfbae844e129c93fdc2fd11fcbffd,12,False,True,High,Public Domain / Official Govt Publication,accessible,2026-07-24,pending_human_approval,critical,local_recommendation,ICAR-CRIDA Hyderabad Technical Publication
TG_GWD_01,Groundwater Level and Artificial Recharge Report of Telangana,groundwater level and artificial recharge report of telangana,Telangana Ground Water Department,Hydrology & Recharge Division,GWD Hydrogeologists,2022,2022-10-14,http://gwd.telangana.gov.in/docs/recharge_report_2022.pdf,http://gwd.telangana.gov.in/docs/recharge_report_2022.pdf,telangana,India,Telangana,Karimnagar,Karimnagar Hard Rock Basin,English,"Percolation tanks, recharge pits, groundwater recharge planning",Rainwater harvesting,Project Report,project_report,True,TG_GWD_01.pdf,data/raw/telangana/groundwater/TG_GWD_01.pdf,.pdf,295,0f21a6810d819331ba77c11233e261153ef24c424f2738f6c3985419f221ccc8,12,False,True,High,Public Domain / Official Govt Publication,accessible,2026-07-24,pending_human_approval,high,local_recommendation,Telangana Groundwater Department Official Report
NAT_ICAR_01,Land Degradation due to Water-Induced Soil Erosion in India,land degradation due to water induced soil erosion in india,ICAR-IISWC,Indian Institute of Soil and Water Conservation,ICAR Senior Soil Conservation Scientists,2019,2019-03-15,http://icar-iiswc.org/docs/land_degradation_water_erosion_india.pdf,http://icar-iiswc.org/docs/land_degradation_water_erosion_india.pdf,national,India,,,,English,"Water erosion dynamics, sheet, rill, and gully erosion assessment",Soil erosion control,Manual,manual,True,NAT_ICAR_01.pdf,data/raw/national/iiswc/NAT_ICAR_01.pdf,.pdf,270,8406c0077cbd353f5457df972bc9bd97a73d6b259533f4d245985d89d82d81ac,12,False,True,High,Public Domain / Official Govt Publication,accessible,2026-07-24,pending_human_approval,critical,national_support,ICAR Core Publication 1
NAT_ICAR_02,Vegetation Degradation in Non-Arable Areas of India,vegetation degradation in non arable areas of india,ICAR-NBSS&LUP,National Bureau of Soil Survey & Land Use Planning,NBSS&LUP Scientists,2018,2018-11-20,http://nbsslup.in/publications/vegetation_degradation_india.pdf,http://nbsslup.in/publications/vegetation_degradation_india.pdf,national,India,,,,English,"Wasteland vegetation degradation, silvopasture recovery",Agroforestry restoration,Technical Report,technical_report,True,NAT_ICAR_02.pdf,data/raw/national/nbsslup/NAT_ICAR_02.pdf,.pdf,247,cb9b2e60ab77f50292540a38830e5cb161e859cd374d858e72612fe6483b0fbf,12,False,True,High,Public Domain / Official Govt Publication,accessible,2026-07-24,pending_human_approval,high,national_support,ICAR Core Publication 2
NAT_NRAA_01,Manual on Rainfed Agriculture and Watershed Management in India,manual on rainfed agriculture and watershed management in india,NRAA,National Rainfed Area Authority,NRAA Technical Advisory Committee,2020,2020-04-08,http://nraa.gov.in/docs/manual_rainfed_watershed_india.pdf,http://nraa.gov.in/docs/manual_rainfed_watershed_india.pdf,national,India,,,,English,"Ridge-to-valley planning, runoff management, farm ponds",Watershed restoration,Manual,manual,True,NAT_NRAA_01.pdf,data/raw/national/nraa/NAT_NRAA_01.pdf,.pdf,262,5d57123fbfd0cf5784a51460dc509d61da6a72802a7ac5627f7eb03dbe937530,12,False,True,High,Public Domain / Official Govt Publication,accessible,2026-07-24,pending_human_approval,critical,national_support,NRAA National Watershed Guidelines
NAT_CGWB_01,Master Plan for Artificial Recharge to Groundwater in India,master plan for artificial recharge to groundwater in india,CGWB,Central Ground Water Board,CGWB Hydrogeology Board,2021,2021-01-25,http://cgwb.gov.in/docs/master_plan_recharge_india.pdf,http://cgwb.gov.in/docs/master_plan_recharge_india.pdf,national,India,,,,English,"Check dams, nala bunds, recharge shafts in hard-rock drylands",Rainwater harvesting,Policy,policy,True,NAT_CGWB_01.pdf,data/raw/national/cgwb/NAT_CGWB_01.pdf,.pdf,260,ea96e76bb3028fc679f79268e056b75a30cdae46779aadc30abd72a1603af548,12,False,True,High,Public Domain / Official Govt Publication,accessible,2026-07-24,pending_human_approval,high,national_support,CGWB Master Plan
GLO_WOCAT_01,Water Conservation for Semi-Arid Sandy Soils - WOCAT SLM Case Study,water conservation for semi arid sandy soils wocat slm case study,WOCAT,World Overview of Conservation Approaches and Technologies,WOCAT SLM Experts,2018,2018-06-12,https://wocat.net/technologies/semi_arid_sandy_water_harvesting.pdf,https://wocat.net/technologies/semi_arid_sandy_water_harvesting.pdf,global,Kenya,,,,English,Infiltration pits for coarse sandy permeable soils in drylands,Rainwater harvesting,Field Case,field_case,True,GLO_WOCAT_01.pdf,data/raw/global/wocat/GLO_WOCAT_01.pdf,.pdf,278,e4aa70a177c52c8bf69f1d06058414bebd87ee00ba73e1d26554a5fd48d2c95d,12,False,True,High,Public Domain / Official Govt Publication,accessible,2026-07-24,pending_human_approval,low,conditional_global_support,Global supplementary case. High permeability sandy soil context.
GLO_FAO_01,Soil Management and Conservation for Small Farms,soil management and conservation for small farms,FAO,Land and Water Division,FAO Technical Officers,2017,2017-09-05,https://fao.org/documents/soil_management_small_farms.pdf,https://fao.org/documents/soil_management_small_farms.pdf,global,Global,,,,English,"Organic mulching, vegetative barriers, smallholder SLM",Soil and moisture conservation,Framework,framework,True,GLO_FAO_01.pdf,data/raw/global/fao/GLO_FAO_01.pdf,.pdf,230,4451ee9a75a468bd8675f3f104d5844e1db0286a3fd3e3a69f3900a9e0e1fe08,12,False,True,High,Public Domain / Official Govt Publication,accessible,2026-07-24,pending_human_approval,medium,conditional_global_support,FAO Global SLM Guidance
